Rank,Club,Country,Level,Elo,From,To
1,Liverpool,ENG,1,2013.10742188,2025-09-15,2025-09-16
2,Arsenal,ENG,1,2000.4029541,2025-09-14,2025-09-16
3,Paris SG,FRA,1,1981.32214355,2025-09-15,2025-09-16
4,Barcelona,ESP,1,1951.6817627,2025-09-15,2025-09-16
5,Real Madrid,ESP,1,1946.9786377,2025-09-14,2025-09-16
6,Man City,ENG,1,1945.47961426,2025-09-15,2025-09-16
7,Bayern,GER,1,1931.81689453,2025-09-14,2025-09-16
8,Chelsea,ENG,1,1913.25292969,2025-09-14,2025-09-16
9,Inter,ITA,1,1912.99475098,2025-09-14,2025-09-16
10,Newcastle,ENG,1,1865.4876709,2025-09-14,2025-09-16
11,Napoli,ITA,1,1855.81982422,2025-09-14,2025-09-16
12,Crystal Palace,ENG,1,1846.80407715,2025-09-14,2025-09-16
13,Aston Villa,ENG,1,1845.84533691,2025-09-14,2025-09-16
14,Atletico,ESP,1,1840.4453125,2025-09-14,2025-09-16
15,Leverkusen,GER,1,1839.78527832,2025-09-14,2025-09-16
16,Atalanta,ITA,1,1833.8692627,2025-09-15,2025-09-16
17,Juventus,ITA,1,1825.78845215,2025-09-15,2025-09-16
18,Bournemouth,ENG,1,1825.15612793,2025-09-15,2025-09-16
19,Dortmund,GER,1,1823.70544434,2025-09-15,2025-09-16
20,Brighton,ENG,1,1816.60290527,2025-09-15,2025-09-16
21,Roma,ITA,1,1815.7421875,2025-09-15,2025-09-16
22,Benfica,POR,1,1812.5456543,2025-09-13,2025-09-16
23,Tottenham,ENG,1,1807.21606445,2025-09-14,2025-09-16
24,Everton,ENG,1,1803.90893555,2025-09-14,2025-09-16
25,Lille,FRA,1,1799.8729248,2025-09-15,2025-09-16
26,Brentford,ENG,1,1799.19226074,2025-09-14,2025-09-16
27,Sporting,POR,1,1796.3939209,2025-09-14,2025-09-16
28,Man United,ENG,1,1794.9630127,2025-09-15,2025-09-16
29,Bilbao,ESP,1,1791.59594727,2025-09-14,2025-09-16
30,PSV,NED,1,1790.37426758,2025-09-14,2025-09-16
31,Forest,ENG,1,1790.10888672,2025-09-14,2025-09-16
32,Villarreal,ESP,1,1786.67089844,2025-09-14,2025-09-16
33,Milan,ITA,1,1785.66088867,2025-09-15,2025-09-16
34,Fulham,ENG,1,1783.6673584,2025-09-15,2025-09-16
35,Monaco,FRA,1,1767.64929199,2025-09-14,2025-09-16
36,Frankfurt,GER,1,1756.02539062,2025-09-15,2025-09-16
37,Lazio,ITA,1,1752.30285645,2025-09-15,2025-09-16
38,Marseille,FRA,1,1748.92932129,2025-09-15,2025-09-16
39,Lyon,FRA,1,1747.90686035,2025-09-15,2025-09-16
40,Bologna,ITA,1,1744.81103516,2025-09-15,2025-09-16
41,Fiorentina,ITA,1,1744.45056152,2025-09-14,2025-09-16
42,Brugge,BEL,1,1738.17858887,2025-09-14,2025-09-16
43,Feyenoord,NED,1,1736.30358887,2025-09-14,2025-09-16
44,St Gillis,BEL,1,1735.23413086,2025-09-15,2025-09-16
45,Betis,ESP,1,1733.58105469,2025-09-15,2025-09-16
46,Porto,POR,1,1727.42565918,2025-09-14,2025-09-16
47,West Ham,ENG,1,1726.17749023,2025-09-14,2025-09-16
48,RB Leipzig,GER,1,1724.37268066,2025-09-14,2025-09-16
49,Leeds,ENG,1,1723.91015625,2025-09-14,2025-09-16
50,Burnley,ENG,1,1716.91992188,2025-09-15,2025-09-16
51,Strasbourg,FRA,1,1716.33886719,2025-09-15,2025-09-16
52,Galatasaray,TUR,1,1714.37695312,2025-09-15,2025-09-16
53,Wolves,ENG,1,1712.14013672,2025-09-14,2025-09-16
54,Stuttgart,GER,1,1703.84973145,2025-09-14,2025-09-16
55,Osasuna,ESP,1,1702.28710938,2025-09-15,2025-09-16
56,Lens,FRA,1,1694.22143555,2025-09-15,2025-09-16
57,Olympiakos,GRE,1,1692.31005859,2025-09-14,2025-09-17
58,Mainz,GER,1,1689.73742676,2025-09-14,2025-09-16
59,Nice,FRA,1,1689.71032715,2025-09-14,2025-09-16
60,Werder,GER,1,1688.05065918,2025-09-15,2025-09-16
61,Torino,ITA,1,1685.40222168,2025-09-15,2025-09-16
62,Fenerbahce,TUR,1,1684.81665039,2025-09-15,2025-09-16
63,Slavia Praha,CZE,1,1681.18981934,2025-09-15,2025-09-17
64,Valencia,ESP,1,1677.83300781,2025-09-15,2025-09-16
65,Celta,ESP,1,1671.94677734,2025-09-15,2025-09-16
66,Rayo Vallecano,ESP,1,1666.35888672,2025-09-15,2025-09-16
67,Ajax,NED,1,1665.68725586,2025-09-15,2025-09-16
68,Freiburg,GER,1,1665.34741211,2025-09-15,2025-09-16
69,Rennes,FRA,1,1663.24682617,2025-09-15,2025-09-16
70,Toulouse,FRA,1,1663.17492676,2025-09-15,2025-09-16
71,Espanyol,ESP,1,1663.09313965,2025-09-16,2025-09-16
72,Alaves,ESP,1,1662.67663574,2025-09-16,2025-09-16
73,Bodoe Glimt,NOR,1,1657.87719727,2025-09-15,2025-09-17
74,Genoa,ITA,1,1656.95324707,2025-09-16,2025-09-16
75,Como,ITA,1,1656.9128418,2025-09-16,2025-09-16
76,Sociedad,ESP,1,1655.44128418,2025-09-15,2025-09-16
77,Celtic,SCO,1,1655.41430664,2025-09-15,2025-09-16
78,Wolfsburg,GER,1,1653.8190918,2025-09-14,2025-09-16
79,FC Kobenhavn,DEN,1,1653.38500977,2025-09-14,2025-09-16
80,Getafe,ESP,1,1649.17211914,2025-09-15,2025-09-16
81,Braga,POR,1,1646.90771484,2025-09-15,2025-09-16
82,Brest,FRA,1,1646.43322754,2025-09-15,2025-09-16
83,Alkmaar,NED,1,1643.77600098,2025-09-15,2025-09-16
84,Udinese,ITA,1,1641.4786377,2025-09-15,2025-09-16
85,Zenit,RUS,1,1640.33081055,2025-09-15,2025-09-16
86,Sevilla,ESP,1,1635.05517578,2025-09-15,2025-09-16
87,FC Krasnodar,RUS,1,1631.63244629,2025-09-16,2025-09-16
88,Genk,BEL,1,1630.44946289,2025-09-16,2025-09-16
89,Mallorca,ESP,1,1628.1015625,2025-09-16,2025-09-16
90,Hoffenheim,GER,1,1626.81396484,2025-09-15,2025-09-16
91,Augsburg,GER,1,1624.3885498,2025-09-15,2025-09-16
92,Midtjylland,DEN,1,1618.32226562,2025-09-15,2025-09-16
93,Leicester,ENG,2,1617.57116699,2025-09-15,2025-09-16
94,Cagliari,ITA,1,1613.60522461,2025-09-15,2025-09-16
95,Auxerre,FRA,1,1610.8873291,2025-09-15,2025-09-16
96,Gladbach,GER,1,1610.59362793,2025-09-15,2025-09-16
97,Union Berlin,GER,1,1609.61169434,2025-09-15,2025-09-16
98,CSKA Moskva,RUS,1,1609.09484863,2025-09-15,2025-09-19
99,Girona,ESP,1,1608.18664551,2025-09-15,2025-09-16
100,Elche,ESP,1,1607.26123047,2025-09-14,2025-09-16
None,St Pauli,GER,1,1603.86303711,2025-09-15,2025-09-16
None,Utrecht,NED,1,1597.57446289,2025-09-15,2025-09-16
None,Leganes,ESP,2,1597.11987305,2025-09-15,2025-09-16
None,Sassuolo,ITA,1,1595.90283203,2025-09-15,2025-09-16
None,Levante,ESP,1,1595.44067383,2025-09-15,2025-09-16
None,Parma,ITA,1,1594.55627441,2025-09-14,2025-09-16
None,Crvena Zvezda,SRB,1,1590.41052246,2025-09-15,2025-09-20
None,Verona,ITA,1,1588.55786133,2025-09-16,2025-09-16
None,Ipswich,ENG,2,1587.30187988,2025-09-13,2025-09-16
None,Koeln,GER,1,1586.45959473,2025-09-14,2025-09-16
None,PAOK,GRE,1,1586.18469238,2025-09-15,2025-09-17
None,Lorient,FRA,1,1585.59765625,2025-09-13,2025-09-16
None,Sunderland,ENG,1,1583.44567871,2025-09-14,2025-09-16
None,Oviedo,ESP,1,1581.85742188,2025-09-14,2025-09-16
None,Nantes,FRA,1,1581.74230957,2025-09-14,2025-09-16
None,AEK,GRE,1,1579.92468262,2025-09-15,2025-09-17
None,Lecce,ITA,1,1576.65209961,2025-09-15,2025-09-16
None,Viktoria Plzen,CZE,1,1573.5859375,2025-09-14,2025-09-17
None,Sparta Praha,CZE,1,1571.17370605,2025-09-15,2025-09-17
None,Reims,FRA,2,1570.99487305,2025-09-14,2025-09-16
None,Guimaraes,POR,1,1569.59558105,2025-09-15,2025-09-16
None,Middlesbrough,ENG,2,1568.23913574,2025-09-14,2025-09-16
None,Anderlecht,BEL,1,1567.77050781,2025-09-15,2025-09-16
None,Cremonese,ITA,1,1566.76989746,2025-09-16,2025-09-16
None,Empoli,ITA,2,1562.82958984,2025-09-15,2025-09-16
None,Coventry,ENG,2,1561.37475586,2025-09-14,2025-09-16
None,Rangers,SCO,1,1560.33251953,2025-09-14,2025-09-24
None,Las Palmas,ESP,2,1559.35559082,2025-09-13,2025-09-16
None,Bristol City,ENG,2,1558.61804199,2025-09-14,2025-09-16
None,Sheffield United,ENG,2,1558.26879883,2025-09-13,2025-09-16
None,Venezia,ITA,2,1556.09875488,2025-09-14,2025-09-16
None,Spartak Moskva,RUS,1,1554.22668457,2025-08-31,2025-11-30
None,Le Havre,FRA,1,1552.81799316,2025-09-15,2025-09-16
None,Metz,FRA,1,1552.45324707,2025-09-15,2025-09-16
None,Twente,NED,1,1552.3125,2025-09-14,2025-09-16
None,Brondby,DEN,1,1552.19787598,2025-09-14,2025-09-18
None,Shakhtar,UKR,1,1551.20678711,2025-09-14,2025-09-22
None,Paris FC,FRA,1,1548.98901367,2025-09-15,2025-09-16
None,Mjaellby,SWE,1,1546.73925781,2025-09-14,2025-09-20
None,Southampton,ENG,2,1546.69958496,2025-09-15,2025-09-16
None,Lok Moskva,RUS,1,1545.93579102,2025-09-01,2025-11-30
None,Salzburg,AUT,1,1545.91503906,2025-09-14,2025-09-20
None,Hamburg,GER,1,1544.95239258,2025-09-14,2025-09-16
None,Angers,FRA,1,1544.76318359,2025-09-15,2025-09-16
None,West Brom,ENG,2,1543.83081055,2025-09-14,2025-09-16
None,Saint-Etienne,FRA,2,1543.81201172,2025-09-14,2025-09-16
None,Cadiz,ESP,2,1542.50195312,2025-09-14,2025-09-16
None,Mirandes,ESP,2,1541.80749512,2025-09-14,2025-09-16
None,Heidenheim,GER,1,1541.45703125,2025-09-14,2025-09-16
None,M Tel Aviv,ISR,1,1537.76745605,2025-09-01,2025-09-16
None,Santander,ESP,2,1535.29797363,2025-09-15,2025-09-16
None,Viking,NOR,1,1533.8536377,2025-09-15,2025-09-17
None,Brann,NOR,1,1533.21459961,2025-09-14,2025-09-17
None,Antwerp,BEL,1,1532.56652832,2025-09-15,2025-09-16
None,Famalicao,POR,1,1531.91003418,2025-09-14,2025-09-16
None,Pisa,ITA,1,1530.24304199,2025-09-15,2025-09-16
None,Panathinaikos,GRE,1,1529.88781738,2025-09-15,2025-09-17
None,Eibar,ESP,2,1528.796875,2025-09-14,2025-09-16
None,Dynamo Moskva,RUS,1,1528.63293457,2025-09-01,2025-11-30
None,Sturm Graz,AUT,1,1528.47314453,2025-09-15,2025-09-20
None,Almeria,ESP,2,1525.60559082,2025-09-14,2025-09-16
None,Paphos,CYP,0,1524.84228516,2025-08-29,2025-09-17
None,Karabakh Agdam,AZE,0,1524.16418457,2025-08-28,2025-09-16
None,Rakow,POL,1,1523.06958008,2025-09-16,2025-09-20
None,Malmoe,SWE,1,1522.48181152,2025-09-15,2025-09-20
None,Swansea,ENG,2,1522.25927734,2025-09-14,2025-09-16
None,Basel,SUI,1,1519.16870117,2025-09-14,2025-09-24
None,Holstein,GER,2,1517.83410645,2025-09-14,2025-09-16
None,Nijmegen,NED,1,1517.67993164,2025-09-14,2025-09-16
None,Huesca,ESP,2,1516.77233887,2025-09-14,2025-09-16
None,Sparta Rotterdam,NED,1,1515.57775879,2025-09-15,2025-09-16
None,Norwich,ENG,2,1515.03930664,2025-09-14,2025-09-16
None,Nordsjaelland,DEN,1,1514.34399414,2025-09-15,2025-09-18
None,Charleroi,BEL,1,1513.52282715,2025-09-15,2025-09-16
None,Monza,ITA,2,1511.7800293,2025-09-13,2025-09-16
None,Hammarby,SWE,1,1511.32641602,2025-09-15,2025-09-21
None,Millwall,ENG,2,1511.02392578,2025-09-14,2025-09-16
None,Young Boys,SUI,1,1510.45861816,2025-09-15,2025-09-24
None,Stoke,ENG,2,1510.06506348,2025-09-14,2025-09-16
None,Elversberg,GER,2,1509.43652344,2025-09-15,2025-09-16
None,Depor,ESP,2,1509.23779297,2025-09-14,2025-09-16
None,Dinamo Zagreb,CRO,1,1509.16882324,2025-09-15,2025-09-20
None,Jablonec,CZE,1,1508.20910645,2025-09-15,2025-09-17
None,Spezia,ITA,2,1507.33044434,2025-09-15,2025-09-16
None,Ferencvaros,HUN,1,1507.26159668,2025-09-01,2025-09-19
None,Blackburn,ENG,2,1507.02026367,2025-09-14,2025-09-16
None,Jagiellonia,POL,1,1505.78918457,2025-09-14,2025-09-19
None,Bochum,GER,2,1504.6217041,2025-09-13,2025-09-16
None,Karlsruhe,GER,2,1504.18029785,2025-09-14,2025-09-16
None,Beer-Sheva,ISR,1,1503.24023438,2025-09-15,2025-09-21
None,Legia,POL,1,1501.82250977,2025-09-15,2025-09-20
None,Aarhus,DEN,1,1501.11230469,2025-09-15,2025-09-18
None,Lech,POL,1,1499.84606934,2025-09-13,2025-09-20
None,Mechelen,BEL,1,1497.69042969,2025-09-13,2025-09-16
None,Paderborn,GER,2,1496.75219727,2025-09-13,2025-09-16
None,Djurgarden,SWE,1,1495.56274414,2025-09-15,2025-09-20
None,Valladolid,ESP,2,1494.22045898,2025-09-14,2025-09-16
None,Go Ahead Eagles,NED,1,1493.69958496,2025-09-14,2025-09-16
None,Portsmouth,ENG,2,1492.47338867,2025-09-15,2025-09-16
None,Hannover,GER,2,1492.42919922,2025-09-14,2025-09-16
None,Moreirense,POR,1,1492.03979492,2025-09-14,2025-09-16
None,Gent,BEL,1,1491.10876465,2025-09-15,2025-09-16
None,QPR,ENG,2,1490.37573242,2025-09-14,2025-09-16
None,Burgos,ESP,2,1489.28076172,2025-09-15,2025-09-16
None,Dynamo Kyiv,UKR,1,1489.11022949,2025-09-14,2025-09-22
None,Duesseldorf,GER,2,1488.31994629,2025-09-15,2025-09-16
None,Gijon,ESP,2,1488.09973145,2025-09-15,2025-09-16
None,Granada,ESP,2,1485.89233398,2025-09-15,2025-09-16
None,Preston,ENG,2,1485.47705078,2025-09-14,2025-09-16
None,Frosinone,ITA,2,1485.44702148,2025-09-14,2025-09-16
None,Palermo,ITA,2,1484.89831543,2025-09-15,2025-09-16
None,Craiova,ROM,1,1482.8605957,2025-09-15,2025-09-20
None,Hull,ENG,2,1479.2947998,2025-09-14,2025-09-16
None,Westerlo,BEL,1,1477.24621582,2025-09-15,2025-09-16
None,Trabzonspor,TUR,1,1477.04614258,2025-09-15,2025-09-18
None,Rosenborg,NOR,1,1475.68469238,2025-09-15,2025-09-17
None,Besiktas,TUR,1,1475.41455078,2025-09-14,2025-09-18
None,Gil Vicente,POR,1,1475.26806641,2025-09-15,2025-09-16
None,Santa Clara,POR,1,1475.25061035,2025-09-13,2025-09-16
None,Omonia,CYP,0,1472.90869141,2025-08-29,2025-09-17
None,Albacete,ESP,2,1472.55102539,2025-09-16,2025-09-16
None,Montpellier,FRA,2,1470.7208252,2025-09-16,2025-09-16
None,Zwolle,NED,1,1470.6027832,2025-09-14,2025-09-16
None,Razgrad,BUL,1,1470.08435059,2025-09-15,2025-09-19
None,Wolfsberg,AUT,1,1468.41271973,2025-09-14,2025-09-20
None,Rapid Wien,AUT,1,1468.0690918,2025-09-15,2025-09-21
None,Arouca,POR,1,1467.92919922,2025-09-15,2025-09-16
None,Aris Limassol,CYP,0,1467.3638916,2025-08-29,2025-09-17
None,Watford,ENG,2,1466.29101562,2025-09-14,2025-09-16
None,Derby,ENG,2,1465.80383301,2025-09-14,2025-09-16
None,Casa Pia,POR,1,1465.68041992,2025-09-15,2025-09-16
None,Lautern,GER,2,1465.67858887,2025-09-15,2025-09-16
None,Elfsborg,SWE,1,1465.3326416,2025-09-15,2025-09-20
None,Darmstadt,GER,2,1463.53625488,2025-09-14,2025-09-16
None,Estoril,POR,1,1463.17199707,2025-09-14,2025-09-16
None,St Truiden,BEL,1,1462.35595703,2025-09-15,2025-09-16
None,Malaga,ESP,2,1461.30859375,2025-09-14,2025-09-16
None,Pogon,POL,1,1461.14709473,2025-09-14,2025-09-21
None,Catanzaro,ITA,2,1460.25158691,2025-09-14,2025-09-16
None,Randers,DEN,1,1460.02026367,2025-09-13,2025-09-18
None,Cercle Brugge,BEL,1,1458.78234863,2025-09-15,2025-09-16
None,Steaua,ROM,1,1458.7520752,2025-09-15,2025-09-19
None,Hertha,GER,2,1457.6998291,2025-09-14,2025-09-16
None,Larnaca,CYP,0,1457.03369141,2025-08-29,2025-09-17
None,Andorra CF,ESP,2,1456.07312012,2025-09-15,2025-09-16
None,AIK,SWE,1,1455.90698242,2025-09-16,2025-09-22
None,Rubin Kazan,RUS,1,1453.67578125,2025-08-31,2025-11-30
None,Guingamp,FRA,2,1452.76416016,2025-09-16,2025-09-16
None,Troyes,FRA,2,1452.23925781,2025-09-13,2025-09-16
None,Juve Stabia,ITA,2,1451.68054199,2025-09-14,2025-09-16
None,Cordoba,ESP,2,1450.99084473,2025-09-15,2025-09-16
None,Cesena,ITA,2,1450.76879883,2025-09-14,2025-09-16
None,Rio Ave,POR,1,1450.60864258,2025-09-14,2025-09-16
None,Celje,SVN,1,1448.68615723,2025-09-15,2025-09-21
None,Gornik,POL,1,1448.42346191,2025-09-16,2025-09-21
None,Viborg,DEN,1,1447.7244873,2025-09-15,2025-09-18
None,Modena,ITA,2,1446.33239746,2025-09-14,2025-09-16
None,Tromso,NOR,1,1446.31713867,2025-09-15,2025-09-17
None,Cracovia,POL,1,1446.20629883,2025-09-01,2025-09-19
None,Oxford,ENG,2,1444.85705566,2025-09-14,2025-09-16
None,Sheffield Weds,ENG,2,1444.7734375,2025-09-14,2025-09-16
None,Suedtirol,ITA,2,1444.51586914,2025-09-15,2025-09-16
None,Bueyueksehir,TUR,1,1444.22045898,2025-09-14,2025-09-17
None,Silkeborg,DEN,1,1443.15197754,2025-09-15,2025-09-18
None,Laval,FRA,2,1442.69543457,2025-09-13,2025-09-16
None,Maccabi Haifa,ISR,1,1441.19262695,2025-09-16,2025-09-21
None,Groningen,NED,1,1440.69628906,2025-09-15,2025-09-16
None,Banik Ostrava,CZE,1,1439.87329102,2025-09-14,2025-09-17
None,Molde,NOR,1,1439.7401123,2025-09-14,2025-09-17
None,Aris,GRE,1,1439.71508789,2025-09-14,2025-09-17
None,Austria Wien,AUT,1,1438.6607666,2025-09-15,2025-09-20
None,Rodez,FRA,2,1437.70751953,2025-09-13,2025-09-16
None,Sittard,NED,1,1436.01013184,2025-09-15,2025-09-16
None,Hearts,SCO,1,1435.4276123,2025-09-14,2025-09-24
None,Castellon,ESP,2,1435.1965332,2025-09-15,2025-09-16
None,Birmingham,ENG,2,1434.64880371,2025-09-14,2025-09-16
None,StGallen,SUI,1,1434.0657959,2025-09-14,2025-09-24
None,Baltika,RUS,1,1433.69970703,2025-09-01,2025-11-30
None,Zaragoza,ESP,2,1430.109375,2025-09-16,2025-09-16
None,Bastia,FRA,2,1429.41760254,2025-09-13,2025-09-16
None,Rostov,RUS,1,1428.76635742,2025-08-31,2025-11-30
None,Heerenveen,NED,1,1428.64428711,2025-09-14,2025-09-16
None,Sampdoria,ITA,2,1428.60778809,2025-09-14,2025-09-16
None,Carrarese,ITA,2,1428.04675293,2025-09-14,2025-09-16
None,Samsunspor,TUR,1,1427.96777344,2025-09-14,2025-09-17
None,Dunkerque,FRA,2,1427.20581055,2025-09-14,2025-09-16
None,Leonesa,ESP,2,1426.3762207,2025-09-15,2025-09-16
None,Sociedad B,ESP,2,1425.7746582,2025-09-13,2025-09-16
None,Standard,BEL,1,1425.07751465,2025-09-13,2025-09-16
None,Korona,POL,1,1424.98620605,2025-09-14,2025-09-20
None,Bari,ITA,2,1424.57629395,2025-09-14,2025-09-16
None,Annecy,FRA,2,1423.99853516,2025-09-14,2025-09-16
None,Charlton,ENG,2,1423.29077148,2025-09-14,2025-09-16
None,Magdeburg,GER,2,1423.19372559,2025-09-13,2025-09-16
None,Schalke,GER,2,1421.78308105,2025-09-14,2025-09-16
None,Reggiana,ITA,2,1420.91174316,2025-09-14,2025-09-16
None,Leuven,BEL,1,1420.56152344,2025-09-14,2025-09-16
None,Goeteborg,SWE,1,1419.21630859,2025-09-16,2025-09-21
None,Wrexham,ENG,2,1419.00415039,2025-09-14,2025-09-16
None,Clermont,FRA,2,1418.9765625,2025-09-14,2025-09-16
None,Muenster,GER,2,1417.3626709,2025-09-15,2025-09-16
None,Hibernian,SCO,1,1417.06958008,2025-09-14,2025-09-23
None,Alanyaspor,TUR,1,1416.36657715,2025-09-14,2025-09-17
None,Ceuta,ESP,2,1414.87878418,2025-09-15,2025-09-16
None,Red Star,FRA,2,1414.828125,2025-09-13,2025-09-16
None,Levski,BUL,1,1414.6607666,2025-09-15,2025-09-19
None,Goeztepe,TUR,1,1414.6315918,2025-09-15,2025-09-18
None,Grenoble,FRA,2,1414.56689453,2025-09-14,2025-09-16
None,Piast Gliwice,POL,1,1411.05126953,2025-09-14,2025-09-20
None,Servette,SUI,1,1410.83081055,2025-09-14,2025-09-17
None,Hajduk,CRO,1,1409.68725586,2025-09-14,2025-09-20
None,Slovan Liberec,CZE,1,1407.93286133,2025-09-14,2025-09-17
None,GAIS,SWE,1,1406.91113281,2025-09-15,2025-09-20
None,Nacional,POR,1,1406.59631348,2025-09-14,2025-09-16
None,Mantova,ITA,2,1405.87524414,2025-09-15,2025-09-16
None,Nuernberg,GER,2,1405.5690918,2025-09-14,2025-09-16
None,Konyaspor,TUR,1,1403.171875,2025-09-14,2025-09-18
None,Lausanne,SUI,1,1402.87573242,2025-09-15,2025-09-17
None,Hradec Kralove,CZE,1,1402.26867676,2025-09-15,2025-09-17
None,CFR Cluj,ROM,1,1401.85388184,2025-09-14,2025-09-21
None,Rapid Bucuresti,ROM,1,1401.53344727,2025-09-13,2025-09-21
None,Fredrikstad,NOR,1,1401.44641113,2025-09-14,2025-09-17
None,Kasimpasa,TUR,1,1401.35534668,2025-09-14,2025-09-17
None,Pau,FRA,2,1399.68994141,2025-09-13,2025-09-16
None,Haecken,SWE,1,1399.60986328,2025-09-16,2025-09-21
None,Amiens,FRA,2,1399.01843262,2025-09-13,2025-09-16
None,Kryliya Sovetov,RUS,1,1398.45568848,2025-09-01,2025-11-30
None,Rijeka,CRO,1,1395.64831543,2025-09-14,2025-09-22
None,Partizan,SRB,1,1395.47460938,2025-09-15,2025-09-20
None,SonderjyskE,DEN,1,1392.8515625,2025-09-13,2025-09-18
None,Fuerth,GER,2,1392.06567383,2025-09-15,2025-09-16
None,Puskas Akademia,HUN,1,1391.07275391,2025-08-31,2025-09-20
None,IK Sirius,SWE,1,1389.90930176,2025-09-15,2025-09-21
None,Nancy,FRA,2,1389.77893066,2025-09-13,2025-09-16
None,KFUM Oslo,NOR,1,1389.74987793,2025-09-15,2025-09-17
None,LASK,AUT,1,1387.15332031,2025-09-14,2025-09-21
None,Zuerich,SUI,1,1385.95129395,2025-09-14,2025-09-24
None,Bielefeld,GER,2,1385.87158203,2025-09-13,2025-09-16
None,Luzern,SUI,1,1385.70373535,2025-09-15,2025-09-24
None,Terek Grozny,RUS,1,1385.68798828,2025-08-31,2025-11-30
None,Kayseri,TUR,1,1384.05432129,2025-09-15,2025-09-18
None,Entella,ITA,2,1384.01733398,2025-09-15,2025-09-16
None,Slovan Bratislava,SLK,0,1382.40673828,2025-08-29,2025-10-02
None,Sarpsborg,NOR,1,1382.2376709,2025-09-15,2025-09-17
None,Braunschweig,GER,2,1381.22558594,2025-09-14,2025-09-16
None,Paksi,HUN,1,1381.00268555,2025-08-30,2025-09-20
None,Avellino,ITA,2,1379.38293457,2025-09-13,2025-09-16
None,Alverca,POR,1,1379.2409668,2025-09-13,2025-09-16
None,Hartberg,AUT,1,1379.08508301,2025-09-15,2025-09-20
None,Heracles,NED,1,1377.32751465,2025-09-15,2025-09-16
None,Sandefjord,NOR,1,1377.02026367,2025-09-15,2025-09-17
None,Gaziantep FK,TUR,1,1374.94628906,2025-09-15,2025-09-18
None,Rizespor,TUR,1,1374.92321777,2025-09-16,2025-09-18
None,Radomiak,POL,1,1374.88513184,2025-09-15,2025-09-20
None,St Mirren,SCO,1,1373.77258301,2025-09-14,2025-09-24
None,Dender,BEL,1,1373.13586426,2025-09-14,2025-09-16
None,Estrela Amadora,POR,1,1372.21691895,2025-09-15,2025-09-16
None,Le Mans,FRA,2,1369.86120605,2025-09-13,2025-09-16
None,Plock,POL,1,1369.69787598,2025-08-30,2025-09-19
None,Sigma Olomouc,CZE,1,1369.36132812,2025-09-14,2025-09-17
None,Lubin,POL,1,1368.90063477,2025-09-13,2025-09-21
None,Katowice,POL,1,1368.70031738,2025-09-13,2025-09-19
None,Fredericia,DEN,1,1368.0793457,2025-09-16,2025-09-18
None,Tondela,POR,1,1366.3470459,2025-09-13,2025-09-16
None,Antalyaspor,TUR,1,1366.32189941,2025-09-14,2025-09-18
None,Padova,ITA,2,1364.31140137,2025-09-14,2025-09-16
None,Gyoer,HUN,1,1362.58850098,2025-09-01,2025-09-20
None,Widzew,POL,1,1362.38671875,2025-09-15,2025-09-21
None,Motor Lublin,POL,1,1361.07324219,2025-09-15,2025-09-21
None,Sion,SUI,1,1360.95910645,2025-09-15,2025-09-17
None,Lugano,SUI,1,1360.91308594,2025-09-14,2025-09-17
None,Volendam,NED,1,1360.90637207,2025-09-14,2025-09-16
None,Pescara,ITA,2,1359.63977051,2025-09-14,2025-09-16
None,Breda,NED,1,1359.1126709,2025-09-14,2025-09-16
None,Universitatea Cluj,ROM,1,1357.18896484,2025-09-13,2025-09-25
None,Eyupspor,TUR,1,1356.78442383,2025-09-14,2025-09-18
None,Maribor,SVN,1,1355.25366211,2025-09-14,2025-09-19
None,FK Astana,KAZ,0,1354.2199707,2025-08-27,2025-09-18
None,Valerenga,NOR,1,1353.98303223,2025-09-14,2025-09-17
None,Vejle,DEN,1,1351.3939209,2025-09-16,2025-09-18
None,Boulogne,FRA,2,1350.64025879,2025-09-13,2025-09-16
None,Dinamo Bucuresti,ROM,1,1350.4777832,2025-09-16,2025-09-22
None,Telstar,NED,1,1350.11218262,2025-09-15,2025-09-16
None,Akron Togliatti,RUS,1,1349.95227051,2025-09-01,2025-11-30
None,Shamrock,IRL,0,1349.64526367,2025-08-29,2025-10-02
None,Atromitos,GRE,1,1349.27868652,2025-09-14,2025-09-17
None,Dynamo Makhachkala,RUS,1,1348.7668457,2025-09-01,2025-11-30
None,Levadeiakos,GRE,1,1348.48156738,2025-09-15,2025-09-17
None,Orenburg,RUS,1,1347.84301758,2025-08-31,2025-11-30
None,Odense,DEN,1,1346.41943359,2025-09-15,2025-09-18
None,Excelsior,NED,1,1344.91320801,2025-09-15,2025-09-16
None,Hapoel Haifa,ISR,1,1344.1171875,2025-08-31,2025-09-21
None,Bohemians Praha,CZE,1,1343.55981445,2025-09-15,2025-09-17
None,Grasshoppers,SUI,1,1343.44433594,2025-09-15,2025-09-24
None,Nieciecza,POL,1,1343.25537109,2025-09-15,2025-09-20
None,AVS Futebol,POR,1,1341.5859375,2025-09-14,2025-09-16
None,RAAL,BEL,1,1340.90979004,2025-09-14,2025-09-16
None,Brommapojkarna,SWE,1,1340.67919922,2025-09-16,2025-09-21
None,Zulte Waregem,BEL,1,1340.09448242,2025-09-14,2025-09-16
None,Dresden,GER,2,1339.82348633,2025-09-15,2025-09-16
None,Mlada Boleslav,CZE,1,1339.52575684,2025-09-14,2025-09-17
None,Lechia,POL,1,1339.28967285,2025-09-13,2025-09-21
None,Trnava,SLK,0,1339.08483887,2025-08-29,2025-10-02
None,Zilina,SLK,0,1338.80725098,2025-08-29,2025-10-02
None,Sheriff Tiraspol,MOL,0,1337.35595703,2025-08-15,2025-11-30
None,CSKA Sofia,BUL,1,1335.84423828,2025-09-14,2025-09-18
None,Karvina,CZE,1,1334.32128906,2025-09-14,2025-09-17
None,Olimpija Ljubljana,SVN,1,1332.34106445,2025-09-14,2025-09-20
None,Koper,SVN,1,1330.12609863,2025-09-15,2025-09-20
None,Kosice,SLK,0,1329.74926758,2025-08-29,2025-10-02
None,Sochi,RUS,1,1328.52661133,2025-08-31,2025-11-30
None,Kristiansund,NOR,1,1327.70117188,2025-09-13,2025-09-17
None,Cherno More,BUL,1,1326.66088867,2025-09-16,2025-09-22
None,Norrkoeping,SWE,1,1325.22399902,2025-09-14,2025-09-22
None,Viitorul,ROM,1,1325.18017578,2025-09-15,2025-09-22
None,OFI,GRE,1,1323.41516113,2025-09-15,2025-09-17
None,Istra 1961,CRO,1,1322.89123535,2025-09-13,2025-09-21
None,Osijek,CRO,1,1322.81726074,2025-09-15,2025-09-21
None,Varazdin,CRO,1,1322.58093262,2025-09-14,2025-09-20
None,Thun,SUI,1,1320.63598633,2025-09-14,2025-09-24
None,Kilmarnock,SCO,1,1319.78088379,2025-09-15,2025-09-24
None,Motherwell,SCO,1,1319.16442871,2025-09-14,2025-09-24
None,Ham-Kam,NOR,1,1318.87792969,2025-09-15,2025-09-17
None,Polissya Zhytomyr,UKR,1,1318.49768066,2025-09-15,2025-09-20
None,Dundee United,SCO,1,1318.23718262,2025-09-14,2025-09-23
None,Lok Zagreb,CRO,1,1317.84960938,2025-09-14,2025-09-20
None,Stromsgodset,NOR,1,1317.4876709,2025-09-15,2025-09-17
None,BW Linz,AUT,1,1316.35375977,2025-09-14,2025-09-21
None,Arka,POL,1,1316.11303711,2025-09-15,2025-09-20
None,Fatih Karaguemruek,TUR,1,1314.92004395,2025-09-14,2025-09-17
None,Asteras Tripolis,GRE,1,1314.17602539,2025-09-15,2025-09-17
None,Nizhny Novgorod,RUS,1,1313.69348145,2025-08-31,2025-11-30
None,Beitar,ISR,1,1309.62304688,2025-09-16,2025-09-20
None,Olexandriya,UKR,1,1309.22375488,2025-09-13,2025-09-22
None,Winterthur,SUI,1,1308.86083984,2025-09-15,2025-09-24
None,Zira,AZE,0,1308.82946777,2025-08-28,2025-09-16
None,Kolos,UKR,1,1307.24377441,2025-09-15,2025-09-20
None,Altach,AUT,1,1306.74743652,2025-09-14,2025-09-21
None,Botosani,ROM,1,1306.51000977,2025-09-15,2025-09-19
None,UTA Arad,ROM,1,1305.42712402,2025-08-30,2025-09-21
None,Kocaelispor,TUR,1,1305.11877441,2025-09-15,2025-09-18
None,Teplice,CZE,1,1304.87646484,2025-09-14,2025-09-17
None,Panetolikos,GRE,1,1304.43603516,2025-09-14,2025-09-17
None,Slaven Belupo,CRO,1,1303.45825195,2025-09-13,2025-09-21
None,Kryvbas,UKR,1,1303.20703125,2025-09-15,2025-09-28
None,Nakchivan,AZE,0,1302.94555664,2025-08-28,2025-09-16
None,Kairat,KAZ,0,1301.77697754,2025-08-27,2025-09-18
None,Aberdeen,SCO,1,1301.1328125,2025-09-14,2025-09-23
None,Sabah,AZE,0,1300.93322754,2025-08-28,2025-09-16
None,Genclerbirligi,TUR,1,1298.22485352,2025-09-16,2025-09-18
None,Debrecen,HUN,1,1296.61157227,2025-09-01,2025-09-21
None,Wattens,AUT,1,1296.53491211,2025-09-15,2025-09-21
None,St Patricks,IRL,0,1295.68737793,2025-08-29,2025-10-02
None,Hermannstadt,ROM,1,1295.53833008,2025-09-16,2025-09-21
None,Slovacko,CZE,1,1294.20495605,2025-09-15,2025-09-17
None,Otelul Galati,ROM,1,1292.56677246,2025-09-15,2025-09-20
None,Bryne,NOR,1,1292.47302246,2025-09-15,2025-09-17
None,Halmstad,SWE,1,1291.73217773,2025-09-14,2025-09-22
None,Dukla,CZE,1,1289.70849609,2025-09-14,2025-09-17
None,Ried,AUT,1,1289.68713379,2025-09-15,2025-09-20
None,Hapoel Jerusalem,ISR,1,1288.82946777,2025-09-15,2025-09-20
None,Tescoma Zlin,CZE,1,1286.73132324,2025-09-14,2025-09-17
None,Netanya,ISR,1,1284.83203125,2025-09-01,2025-09-20
None,Vaduz,LIE,0,1283.4017334,2025-08-29,2025-09-24
None,FK Riga,LAT,0,1283.32739258,2025-08-29,2025-11-30
None,NFC Volos,GRE,1,1282.44250488,2025-09-14,2025-09-17
None,Pyunik,ARM,0,1281.22741699,2025-08-29,2025-10-02
None,Varnamo,SWE,1,1280.63793945,2025-09-15,2025-09-22
None,Zrinjski Mostar,BHZ,0,1279.40356445,2025-08-29,2025-10-02
None,Vikingur,ISL,0,1279.02172852,2025-08-29,2025-10-02
None,Noah,ARM,0,1278.88244629,2025-08-29,2025-10-02
None,Kuopio,FIN,0,1278.08679199,2025-08-29,2025-10-02
None,Zorya,UKR,1,1276.30163574,2025-09-15,2025-09-22
None,MTK,HUN,1,1274.98449707,2025-08-31,2025-09-21
None,Novi Sad,SRB,1,1273.29150391,2025-09-14,2025-09-20
None,Diosgyori,HUN,1,1272.97766113,2025-08-31,2025-09-19
None,Dundee,SCO,1,1272.70141602,2025-09-14,2025-09-20
None,Oester,SWE,1,1271.81982422,2025-09-15,2025-09-20
None,Shelbourne,IRL,0,1270.796875,2025-08-29,2025-10-02
None,Aarau,SUI,1,1270.26574707,2025-08-29,2025-09-24
None,Metalist 1925,UKR,1,1270.24462891,2025-09-14,2025-09-21
None,HNK Gorica,CRO,1,1269.15734863,2025-09-15,2025-09-21
None,Zalaegerszegi,HUN,1,1266.03015137,2025-08-31,2025-09-21
None,Bnei Sakhinin,ISR,1,1263.54052734,2025-08-31,2025-09-21
None,Ashdod,ISR,1,1260.29541016,2025-09-16,2025-09-20
None,Arges Pitesti,ROM,1,1258.81054688,2025-08-29,2025-09-25
None,Petrolul Ploiesti,ROM,1,1257.48571777,2025-09-16,2025-09-21
None,Arda,BUL,1,1256.70959473,2025-09-14,2025-09-18
None,Bravo,SVN,1,1256.24060059,2025-09-15,2025-09-20
None,Unirea Slobozia,ROM,1,1255.62634277,2025-09-16,2025-09-21
None,GAK,AUT,1,1251.63098145,2025-09-14,2025-09-21
None,Derry City,IRL,0,1251.32104492,2025-08-29,2025-10-02
None,Ujpest,HUN,1,1248.77258301,2025-08-31,2025-09-20
None,Pardubice,CZE,1,1246.54162598,2025-09-15,2025-09-17
None,Aktobe,KAZ,0,1245.99890137,2025-08-27,2025-09-18
None,Rukh Lviv,UKR,1,1244.81567383,2025-09-14,2025-09-21
None,Panserraikos,GRE,1,1243.82763672,2025-09-14,2025-09-17
None,Kifisias,GRE,1,1243.68640137,2025-09-15,2025-09-17
None,Ararat,ARM,0,1240.85510254,2025-08-29,2025-10-02
None,Kisvarda,HUN,1,1240.08642578,2025-08-31,2025-09-21
None,HJK Helsinki,FIN,0,1240.02612305,2025-08-29,2025-10-02
None,Karpaty,UKR,1,1240.01330566,2025-09-15,2025-09-22
None,Obolon Kyiv,UKR,1,1239.89953613,2025-09-14,2025-09-22
None,Larisa,GRE,1,1233.25061035,2025-09-15,2025-09-17
None,CSKA 1948 Sofia,BUL,1,1231.83081055,2025-09-16,2025-09-20
None,Haugesund,NOR,1,1226.84204102,2025-09-15,2025-09-17
None,Backa Topola,SRB,1,1226.50524902,2025-09-15,2025-09-21
None,Degerfors,SWE,1,1223.08374023,2025-09-14,2025-09-21
None,RFS,LAT,0,1221.79467773,2025-08-29,2025-11-30
None,Drita,KOS,0,1221.13330078,2025-08-29,2025-10-02
None,Veres,UKR,1,1220.41894531,2025-09-13,2025-09-20
None,LNZ,UKR,1,1218.29187012,2025-09-13,2025-09-21
None,Maccabi Bnei Raina,ISR,1,1217.20568848,2025-08-31,2025-09-20
None,Zeljeznicar,BHZ,0,1216.4083252,2025-08-29,2025-10-02
None,H Tel Aviv,ISR,1,1215.36547852,2025-09-16,2025-09-20
None,Livingston,SCO,1,1214.64819336,2025-09-14,2025-09-20
None,Ironi Tiberias,ISR,1,1214.36572266,2025-08-31,2025-09-20
None,Breidablik,ISL,0,1214.30004883,2025-08-29,2025-10-02
None,Nyiregyhaza,HUN,1,1211.44641113,2025-09-01,2025-09-20
None,Shkendija,MAC,0,1210.64196777,2025-08-29,2025-10-02
None,FK Sarajevo,BHZ,0,1209.88720703,2025-08-29,2025-10-02
None,Borac Banja Luka,BHZ,0,1209.48791504,2025-08-29,2025-10-02
None,Lok Plovdiv,BUL,1,1207.58898926,2025-09-15,2025-09-20
None,Novi Pazar,SRB,1,1206.63745117,2025-09-14,2025-09-20
None,Valur,ISL,0,1205.27124023,2025-08-29,2025-10-02
None,Ordabasy,KAZ,0,1204.84570312,2025-08-27,2025-09-18
None,Dinamo Minsk,BLR,0,1202.69592285,2025-08-29,2025-11-30
None,Falkirk,SCO,1,1201.6192627,2025-09-14,2025-09-23
None,Kazincbarcika,HUN,1,1201.02722168,2025-08-30,2025-09-20
None,Csikszereda,ROM,1,1199.66259766,2025-09-15,2025-09-22
None,Ilves Tampere,FIN,0,1198.74926758,2025-08-29,2025-10-02
None,H Petach Tikva,ISR,1,1196.5423584,2025-08-31,2025-09-16
None,Akureyri,ISL,0,1193.38659668,2025-08-29,2025-10-02
None,Kragujevac,SRB,1,1193.19750977,2025-09-14,2025-09-20
None,Lok Sofia,BUL,1,1192.70532227,2025-09-15,2025-09-20
None,Klaksvik,FAR,0,1189.47119141,2025-08-15,2025-11-30
None,Metaloglobus,ROM,1,1189.32165527,2025-09-14,2025-09-22
None,Dinamo Tirana,ALB,0,1183.72375488,2025-08-29,2025-11-30
None,Botev Plovdiv,BUL,1,1179.94384766,2025-09-13,2025-09-21
None,Auda,LAT,0,1179.07116699,2025-08-29,2025-11-30
None,Neman Grodno,BLR,0,1179.02648926,2025-08-29,2025-11-30
None,Ballkani,KOS,0,1176.96459961,2025-08-29,2025-10-02
None,Seinajoki,FIN,0,1176.55078125,2025-08-29,2025-10-02
None,Banants,ARM,0,1173.95068359,2025-08-29,2025-10-02
None,Beroe Stara Zagora,BUL,1,1173.63708496,2025-09-13,2025-09-21
None,Kiryat Shmona,ISR,1,1173.40783691,2025-08-31,2025-09-20
None,Daugavpils,LAT,0,1171.93493652,2025-08-29,2025-11-30
None,Primorje,SVN,1,1170.1862793,2025-09-15,2025-09-21
None,Cukaricki,SRB,1,1168.20703125,2025-09-14,2025-09-21
None,Zalgiris Vilnius,LIT,0,1167.50366211,2025-08-15,2025-11-30
None,Zeleznicar Pancevo,SRB,1,1166.37207031,2025-09-15,2025-09-20
None,Radomlje,SVN,1,1161.3614502,2025-09-14,2025-09-21
None,Torpedo Kutaisi,GEO,0,1159.65441895,2025-08-01,2025-11-30
None,Petrocub,MOL,0,1159.45922852,2025-08-15,2025-11-30
None,Partizani Tirana,ALB,0,1158.83312988,2025-08-29,2025-11-30
None,Egnatia,ALB,0,1157.89318848,2025-08-29,2025-11-30
None,Aluminij,SVN,1,1154.92578125,2025-09-15,2025-09-19
None,FC Spaeri,GEO,0,1150.32836914,2025-08-01,2025-11-30
None,Dila Gori,GEO,0,1149.45703125,2025-08-01,2025-11-30
None,Saburtalo,GEO,0,1149.44433594,2025-08-01,2025-11-30
None,Slavia Sofia,BUL,1,1147.6640625,2025-09-16,2025-09-21
None,Spartak Varna,BUL,1,1147.18041992,2025-09-14,2025-09-19
None,Mura,SVN,1,1146.22741699,2025-09-14,2025-09-21
None,Vllaznia,ALB,0,1145.86279297,2025-08-29,2025-11-30
None,OFK,SRB,1,1142.27954102,2025-09-14,2025-09-20
None,Kudrivka,UKR,1,1135.85876465,2025-09-13,2025-09-20
None,Kauno Zalgiris,LIT,0,1131.27319336,2025-08-15,2025-11-30
None,Flora Tallinn,EST,0,1130.34899902,2025-08-15,2025-11-30
None,Mladost Lucani,SRB,1,1128.09899902,2025-09-15,2025-09-21
None,SK Poltava,UKR,1,1128.07873535,2025-09-15,2025-09-21
None,Botev Vratsa,BUL,1,1128.05688477,2025-09-13,2025-09-22
None,Episentr,UKR,1,1126.96313477,2025-09-14,2025-09-26
None,Dinamo Brest,BLR,0,1124.85290527,2025-08-29,2025-11-30
None,Hamrun,MLT,0,1124.80505371,2025-08-29,2025-10-02
None,Levski Krumovgrad,BUL,1,1124.65539551,2025-08-29,2025-09-24
None,Zimbru,MOL,0,1121.74816895,2025-08-15,2025-11-30
None,Linfield,NIR,0,1112.89916992,2025-08-29,2025-11-30
None,Banga,LIT,0,1112.11181641,2025-08-15,2025-11-30
None,IMT,SRB,1,1110.3737793,2025-09-14,2025-09-21
None,Torpedo Zhodino,BLR,0,1109.97851562,2025-08-29,2025-11-30
None,Vukovar,CRO,1,1109.04382324,2025-09-15,2025-09-22
None,Milsami Orhei,MOL,0,1106.4597168,2025-08-15,2025-11-30
None,Nis,SRB,1,1106.21276855,2025-09-15,2025-09-21
None,Hegelmann,LIT,0,1105.82922363,2025-08-15,2025-11-30
None,Zlatibor,SRB,1,1104.90075684,2025-09-15,2025-09-20
None,Domzale,SVN,1,1104.00366211,2025-09-15,2025-09-20
None,Septemvri Sofia,BUL,1,1098.81445312,2025-09-14,2025-09-21
None,Decic,MNT,0,1098.27697754,2025-08-01,2025-11-30
None,Krusevac,SRB,1,1094.01611328,2025-09-15,2025-09-19
None,Vardar,MAC,0,1093.296875,2025-08-29,2025-10-02
None,Sileks,MAC,0,1084.62597656,2025-08-29,2025-10-02
None,Paide Linnameeskond,EST,0,1082.51733398,2025-08-15,2025-11-30
None,Sutjeska,MNT,0,1082.15698242,2025-08-01,2025-11-30
None,Ivanjica,SRB,1,1079.39685059,2025-09-14,2025-09-21
None,Montana 1921,BUL,1,1076.63757324,2025-09-13,2025-09-19
None,Rabotnicki,MAC,0,1074.94921875,2025-08-29,2025-10-02
None,Prishtine,KOS,0,1071.87976074,2025-08-29,2025-10-02
None,Nomme Kalju,EST,0,1067.46789551,2025-08-15,2025-11-30
None,Floriana,MLT,0,1066.53234863,2025-08-29,2025-10-02
None,The New Saints,WAL,0,1066.42785645,2025-07-30,2025-11-30
None,Differdang,LUX,0,1064.40563965,2025-08-29,2025-11-30
None,Larne,NIR,0,1059.32751465,2025-08-29,2025-11-30
None,Hibernians Paola,MLT,0,1058.39904785,2025-08-29,2025-10-02
None,R Letzebuerg,LUX,0,1055.80236816,2025-08-29,2025-11-30
None,Birkirkara,MLT,0,1053.95581055,2025-08-29,2025-10-02
None,Dungannon,NIR,0,1052.24328613,2025-08-29,2025-11-30
None,Blagoevgrad,BUL,1,1050.54589844,2025-08-29,2025-09-24
None,FC Infonet,EST,0,1050.10681152,2025-08-15,2025-11-30
None,HB Torshavn,FAR,0,1050.02600098,2025-08-15,2025-11-30
None,Radnik Surdulica,SRB,1,1049.25134277,2025-09-14,2025-09-19
None,Una Strassen,LUX,0,1047.87158203,2025-08-29,2025-11-30
None,Malisheva,KOS,0,1044.98461914,2025-08-29,2025-10-02
None,Dobrudzha,BUL,1,1044.6027832,2025-09-16,2025-09-20
None,Runavik,FAR,0,1039.27258301,2025-08-15,2025-11-30
None,Dudelange,LUX,0,1035.68383789,2025-08-29,2025-11-30
None,Podgorica,MNT,0,1034.60522461,2025-08-01,2025-11-30
None,Hebar,BUL,1,1033.51977539,2025-08-29,2025-09-24
None,Gota,FAR,0,1033.25927734,2025-08-15,2025-11-30
None,Cliftonville,NIR,0,1032.94494629,2025-08-29,2025-11-30
None,Lincoln,GIB,0,1020.64459229,2025-08-29,2025-10-02
None,Escaldes,AND,0,1002.06811523,2025-08-01,2025-11-30
None,Penybont,WAL,0,988.081848145,2025-07-30,2025-11-30
None,Haverfordwest,WAL,0,985.360229492,2025-07-30,2025-11-30
None,Santa Coloma,AND,0,954.305175781,2025-08-01,2025-11-30
None,St Josephs,GIB,0,949.520996094,2025-08-29,2025-10-02
None,Atletic Club Escaldes,AND,0,944.22253418,2025-08-01,2025-11-30
None,FCB Magpies,GIB,0,916.444641113,2025-08-29,2025-10-02
None,SS Virtus,SMR,0,767.627746582,2025-08-29,2025-11-30
None,Tre Fiori,SMR,0,736.193237305,2025-08-29,2025-11-30
None,La Fiorita,SMR,0,716.190124512,2025-08-29,2025-11-30


